{
    "0.1": {
        "time": 222.75467205047607,
        "loss": 7.752220912995874,
        "accuracy": 0.7896879240162822,
        "curve": [
            9.650256590912905,
            7.752220912995874,
            7.752220912995874,
            7.752220912995874,
            7.752220912995874,
            7.752220912995874,
            7.752220912995874,
            7.752220912995874,
            7.752220912995874,
            7.752220912995874,
            7.752220912995874,
            7.752220912995874
        ]
    }
}