{
    "0.1": {
        "time": 1408.0440468788147,
        "loss": 6.0494383875133755,
        "accuracy": 0.830393487109905,
        "curve": [
            7.646751391383719,
            7.174186595179031,
            7.174186595179031,
            7.174186595179031,
            7.174186595179031,
            7.174186595179031,
            7.174186595179031,
            7.174186595179031,
            7.174186595179031,
            7.174186595179031,
            7.174186595179031,
            7.174186595179031,
            7.174186595179031,
            7.174186595179031,
            7.174186595179031,
            7.174186595179031,
            7.174186595179031,
            7.174186595179031,
            7.174186595179031,
            7.174186595179031,
            7.174186595179031,
            7.174186595179031,
            7.174186595179031,
            6.580581208908044,
            6.580581208908044,
            6.580581208908044,
            6.580581208908044,
            6.580581208908044,
            6.580581208908044,
            6.580581208908044,
            6.580581208908044,
            6.580581208908044,
            6.580581208908044,
            6.580581208908044,
            6.564948932011991,
            6.564948932011991,
            6.564948932011991,
            6.564948932011991,
            6.564948932011991,
            6.564948932011991,
            6.564948932011991,
            6.564948932011991,
            6.564948932011991,
            6.564948932011991,
            6.564948932011991,
            6.564948932011991,
            6.564948932011991,
            6.564948932011991,
            6.564948932011991,
            6.217371558937305,
            6.217371558937305,
            6.217371558937305,
            6.217371558937305,
            6.217371558937305,
            6.217371558937305,
            6.217371558937305,
            6.217371558937305,
            6.217371558937305,
            6.217371558937305,
            6.217371558937305,
            6.217371558937305,
            6.217371558937305,
            6.217371558937305,
            6.217371558937305,
            6.217371558937305,
            6.217371558937305,
            6.217371558937305,
            6.217371558937305,
            6.217371558937305,
            6.217371558937305,
            6.217371558937305,
            6.217371558937305,
            6.217371558937305,
            6.217371558937305,
            6.217371558937305,
            6.217371558937305,
            6.217371558937305,
            6.217371558937305,
            6.217371558937305,
            6.217371558937305,
            6.217371558937305,
            6.217371558937305,
            6.0494383875133755,
            6.0494383875133755,
            6.0494383875133755,
            6.0494383875133755,
            6.0494383875133755,
            6.0494383875133755,
            6.0494383875133755,
            6.0494383875133755,
            6.0494383875133755,
            6.0494383875133755,
            6.0494383875133755,
            6.0494383875133755,
            6.0494383875133755,
            6.0494383875133755,
            6.0494383875133755,
            6.0494383875133755,
            6.0494383875133755,
            6.0494383875133755
        ]
    },
    "0.2": {
        "time": 1427.877051115036,
        "loss": 6.5805728006582695,
        "accuracy": 0.8258706467661692,
        "curve": [
            8.814420303416552,
            8.814420303416552,
            8.779358366419645,
            8.779358366419645,
            8.779358366419645,
            8.779358366419645,
            7.967003720415678,
            7.967003720415678,
            7.967003720415678,
            7.967003720415678,
            7.967003720415678,
            7.967003720415678,
            7.967003720415678,
            7.967003720415678,
            7.967003720415678,
            7.967003720415678,
            7.967003720415678,
            7.967003720415678,
            7.967003720415678,
            7.967003720415678,
            7.326529440544492,
            7.326529440544492,
            7.326529440544492,
            7.326529440544492,
            7.326529440544492,
            7.326529440544492,
            7.326529440544492,
            7.326529440544492,
            7.326529440544492,
            7.326529440544492,
            7.326529440544492,
            7.326529440544492,
            7.326529440544492,
            7.326529440544492,
            7.326529440544492,
            7.326529440544492,
            7.326529440544492,
            7.326529440544492,
            7.326529440544492,
            7.326529440544492,
            7.326529440544492,
            7.326529440544492,
            7.326529440544492,
            7.326529440544492,
            7.326529440544492,
            7.326529440544492,
            7.326529440544492,
            7.326529440544492,
            7.326529440544492,
            7.326529440544492,
            7.326529440544492,
            7.326529440544492,
            7.326529440544492,
            7.326529440544492,
            7.326529440544492,
            7.326529440544492,
            7.326529440544492,
            7.326529440544492,
            7.326529440544492,
            7.326529440544492,
            7.326529440544492,
            7.326529440544492,
            7.326529440544492,
            7.326529440544492,
            7.326529440544492,
            7.326529440544492,
            7.326529440544492,
            7.326529440544492,
            7.326529440544492,
            7.326529440544492,
            7.326529440544492,
            7.326529440544492,
            7.326529440544492,
            7.326529440544492,
            7.326529440544492,
            7.326529440544492,
            7.326529440544492,
            7.326529440544492,
            7.326529440544492,
            7.326529440544492,
            6.998465810068409,
            6.998465810068409,
            6.5805728006582695,
            6.5805728006582695,
            6.5805728006582695,
            6.5805728006582695,
            6.5805728006582695,
            6.5805728006582695,
            6.5805728006582695,
            6.5805728006582695,
            6.5805728006582695,
            6.5805728006582695,
            6.5805728006582695,
            6.5805728006582695,
            6.5805728006582695,
            6.5805728006582695,
            6.5805728006582695,
            6.5805728006582695,
            6.5805728006582695,
            6.5805728006582695
        ]
    },
    "0.3": {
        "time": 1547.7664468288422,
        "loss": 6.783696473930501,
        "accuracy": 0.8272274988692899,