{
    "loss": 0.6931471805599453,
    "curve": [
        -17.748086544251365,
        -15.324886498636998,
        -19.214244670167407,
        -15.324886498636998,
        -0.6931471805599453,
        -0.6931471805599453,
        -0.6931471805599453,
        -0.6931471805599453,
        -0.6931471805599453,
        -0.6931471805599453
    ],
    "accuracy": 0.44052464947987335,
    "time": 1.7810933589935303
}