{
    "50": {
        "time": 441.79278779029846,
        "loss": 5.18244513565752,
        "accuracy": 0.8715513342379014,
        "curve": [
            10.540600297482403,
            10.540600297482403,
            10.540600297482403,
            8.677811718879898,
            8.677811718879898,
            7.681890991676932,
            7.681890991676932,
            7.681890991676932,
            7.681890991676932,
            7.681890991676932,
            7.681890991676932,
            7.681890991676932,
            7.681890991676932,
            7.681890991676932,
            7.681890991676932,
            6.939850083371373,
            6.939850083371373,
            6.939850083371373,
            6.939850083371373,
            6.939850083371373,
            6.939850083371373,
            6.939850083371373,
            6.939850083371373,
            6.939850083371373,
            6.939850083371373,
            6.752425681759528,
            6.752425681759528,
            6.752425681759528,
            6.752425681759528,
            6.6274137571705065,
            6.6274137571705065,
            6.6274137571705065,
            6.6274137571705065,
            6.6274137571705065,
            6.6274137571705065,
            5.740948261497196,
            5.740948261497196,
            5.740948261497196,
            5.740948261497196,
            5.740948261497196,
            5.740948261497196,
            5.740948261497196,
            5.740948261497196,
            5.740948261497196,
            5.740948261497196,
            5.740948261497196,
            5.5222349854568,
            5.5222349854568,
            5.5222349854568,
            5.5222349854568,
            5.5222349854568,
            5.5222349854568,
            5.5222349854568,
            5.5222349854568,
            5.5222349854568,
            5.5222349854568,
            5.5222349854568,
            5.5222349854568,
            5.5222349854568,
            5.5222349854568,
            5.5222349854568,
            5.5222349854568,
            5.5222349854568,
            5.5222349854568,
            5.5222349854568,
            5.5222349854568,
            5.5222349854568,
            5.5222349854568,
            5.5222349854568,
            5.5222349854568,
            5.5222349854568,
            5.5222349854568,
            5.5222349854568,
            5.5222349854568,
            5.5222349854568,
            5.5222349854568,
            5.18244513565752,
            5.18244513565752,
            5.18244513565752,
            5.18244513565752,
            5.18244513565752,
            5.18244513565752,
            5.18244513565752,
            5.18244513565752,
            5.18244513565752,
            5.18244513565752,
            5.18244513565752,
            5.18244513565752,
            5.18244513565752,
            5.18244513565752,
            5.18244513565752,
            5.18244513565752,
            5.18244513565752,
            5.18244513565752,
            5.18244513565752,
            5.18244513565752,
            5.18244513565752,
            5.18244513565752,
            5.18244513565752,
            5.18244513565752
        ]
    },
    "100": {
        "time": 847.6674811840057,
        "loss": 6.670413661825889,
        "accuracy": 0.8263229308005428,
        "curve": [
            8.17786139348088,
            8.17786139348088,
            8.17786139348088,
            8.17786139348088,
            8.17786139348088,
            8.17786139348088,
            8.17786139348088,
            8.17786139348088,
            8.17786139348088,
            8.17786139348088,
            8.17786139348088,
            8.17786139348088,
            8.091921074797558,
            8.091921074797558,
            8.091921074797558,
            8.091921074797558,
            8.091921074797558,
            8.091921074797558,
            6.670413661825889,
            6.670413661825889,
            6.670413661825889,
            6.670413661825889,
            6.670413661825889,
            6.670413661825889,
            6.670413661825889,
            6.670413661825889,
            6.670413661825889,
            6.670413661825889,
            6.670413661825889,
            6.670413661825889,
            6.670413661825889,
            6.670413661825889,
            6.670413661825889,
            6.670413661825889,
            6.670413661825889,
            6.670413661825889,
            6.670413661825889,
            6.670413661825889,
            6.670413661825889,
            6.670413661825889,
            6.670413661825889,
            6.670413661825889,
            6.670413661825889,
            6.670413661825889,
            6.670413661825889,
            6.670413661825889,
            6.670413661825889,
            6.670413661825889,
            6.670413661825889,
            6.670413661825889,
            6.670413661825889,
            6.670413661825889,
            6.670413661825889,
            6.670413661825889,
            6.670413661825889,
            6.670413661825889,
            6.670413661825889,
            6.670413661825889,
            6.670413661825889,
            6.670413661825889,
            6.670413661825889,
            6.670413661825889,
            6.670413661825889,
            6.670413661825889,
            6.670413661825889,
            6.670413661825889,
            6.670413661825889,
            6.670413661825889,
            6.670413661825889,
            6.670413661825889,
            6.670413661825889,
            6.670413661825889,
            6.670413661825889,
            6.670413661825889,
            6.670413661825889,
            6.670413661825889,
            6.670413661825889,
            6.670413661825889,
            6.670413661825889,
            6.670413661825889,
            6.670413661825889,
            6.670413661825889,
            6.670413661825889,
            6.670413661825889,
            6.670413661825889,
            6.670413661825889,
            6.670413661825889,
            6.670413661825889,
            6.670413661825889,
            6.670413661825889,
            6.670413661825889,
            6.670413661825889,
            6.670413661825889,
            6.670413661825889,
            6.670413661825889,
            6.670413661825889,
            6.670413661825889,
            6.670413661825889,
            6.670413661825889,
            6.670413661825889
        ]
    },
    "200": {
        "time": 1659.2687973976135,
        "loss": 5.467545387638535,
        "accuracy": 0.8629579375848032,